Date,Cleaned Up Date,Weekly U.S. All Grades All Formulations Retail Gasoline Prices  (Dollars per Gallon)
5-Apr-93,4/1/1993,1.068
12-Apr-93,4/1/1993,1.079
19-Apr-93,4/1/1993,1.079
26-Apr-93,4/1/1993,1.086
3-May-93,5/1/1993,1.086
10-May-93,5/1/1993,1.097
17-May-93,5/1/1993,1.106
24-May-93,5/1/1993,1.106
31-May-93,5/1/1993,1.107
7-Jun-93,6/1/1993,1.104
14-Jun-93,6/1/1993,1.101
21-Jun-93,6/1/1993,1.095
28-Jun-93,6/1/1993,1.089
5-Jul-93,7/1/1993,1.086
12-Jul-93,7/1/1993,1.081
19-Jul-93,7/1/1993,1.075
26-Jul-93,7/1/1993,1.069
2-Aug-93,8/1/1993,1.062
9-Aug-93,8/1/1993,1.06
16-Aug-93,8/1/1993,1.059
23-Aug-93,8/1/1993,1.065
30-Aug-93,8/1/1993,1.062
6-Sep-93,9/1/1993,1.055
13-Sep-93,9/1/1993,1.051
20-Sep-93,9/1/1993,1.045
27-Sep-93,9/1/1993,1.047
4-Oct-93,10/1/1993,1.092
11-Oct-93,10/1/1993,1.09
18-Oct-93,10/1/1993,1.093
25-Oct-93,10/1/1993,1.092
1-Nov-93,11/1/1993,1.084
8-Nov-93,11/1/1993,1.075
15-Nov-93,11/1/1993,1.064
22-Nov-93,11/1/1993,1.058
29-Nov-93,11/1/1993,1.051
6-Dec-93,12/1/1993,1.036
13-Dec-93,12/1/1993,1.018
20-Dec-93,12/1/1993,1.003
27-Dec-93,12/1/1993,0.999
3-Jan-94,1/1/1994,0.992
10-Jan-94,1/1/1994,0.995
17-Jan-94,1/1/1994,1.001
24-Jan-94,1/1/1994,0.999
31-Jan-94,1/1/1994,1.005
7-Feb-94,2/1/1994,1.007
14-Feb-94,2/1/1994,1.016
21-Feb-94,2/1/1994,1.009
28-Feb-94,2/1/1994,1.004
7-Mar-94,3/1/1994,1.007
14-Mar-94,3/1/1994,1.005
21-Mar-94,3/1/1994,1.007
28-Mar-94,3/1/1994,1.012
4-Apr-94,4/1/1994,1.011
11-Apr-94,4/1/1994,1.028
18-Apr-94,4/1/1994,1.033
25-Apr-94,4/1/1994,1.037
2-May-94,5/1/1994,1.04
9-May-94,5/1/1994,1.045
16-May-94,5/1/1994,1.046
23-May-94,5/1/1994,1.05
30-May-94,5/1/1994,1.056
6-Jun-94,6/1/1994,1.065
13-Jun-94,6/1/1994,1.073
20-Jun-94,6/1/1994,1.079
27-Jun-94,6/1/1994,1.095
4-Jul-94,7/1/1994,1.097
11-Jul-94,7/1/1994,1.103
18-Jul-94,7/1/1994,1.109
25-Jul-94,7/1/1994,1.114
1-Aug-94,8/1/1994,1.13
8-Aug-94,8/1/1994,1.157
15-Aug-94,8/1/1994,1.161
22-Aug-94,8/1/1994,1.165
29-Aug-94,8/1/1994,1.161
5-Sep-94,9/1/1994,1.156
12-Sep-94,9/1/1994,1.15
19-Sep-94,9/1/1994,1.14
26-Sep-94,9/1/1994,1.129
3-Oct-94,10/1/1994,1.12
10-Oct-94,10/1/1994,1.114
17-Oct-94,10/1/1994,1.106
24-Oct-94,10/1/1994,1.107
31-Oct-94,10/1/1994,1.121
7-Nov-94,11/1/1994,1.123
14-Nov-94,11/1/1994,1.122
21-Nov-94,11/1/1994,1.113
28-Nov-94,11/1/1994,1.117
5-Dec-94,12/1/1994,1.127
12-Dec-94,12/1/1994,1.131
19-Dec-94,12/1/1994,1.134
26-Dec-94,12/1/1994,1.125
2-Jan-95,1/1/1995,1.127
9-Jan-95,1/1/1995,1.134
16-Jan-95,1/1/1995,1.126
23-Jan-95,1/1/1995,1.132
30-Jan-95,1/1/1995,1.131
6-Feb-95,2/1/1995,1.124
13-Feb-95,2/1/1995,1.121
20-Feb-95,2/1/1995,1.115
27-Feb-95,2/1/1995,1.121
6-Mar-95,3/1/1995,1.123
13-Mar-95,3/1/1995,1.116
20-Mar-95,3/1/1995,1.114
27-Mar-95,3/1/1995,1.121
3-Apr-95,4/1/1995,1.133
10-Apr-95,4/1/1995,1.149
17-Apr-95,4/1/1995,1.163
24-Apr-95,4/1/1995,1.184
1-May-95,5/1/1995,1.194
8-May-95,5/1/1995,1.216
15-May-95,5/1/1995,1.226
22-May-95,5/1/1995,1.244
29-May-95,5/1/1995,1.246
5-Jun-95,6/1/1995,1.246
12-Jun-95,6/1/1995,1.243
19-Jun-95,6/1/1995,1.236
26-Jun-95,6/1/1995,1.229
3-Jul-95,7/1/1995,1.222
10-Jul-95,7/1/1995,1.212
17-Jul-95,7/1/1995,1.2
24-Jul-95,7/1/1995,1.191
31-Jul-95,7/1/1995,1.179
7-Aug-95,8/1/1995,1.174
14-Aug-95,8/1/1995,1.172
21-Aug-95,8/1/1995,1.171
28-Aug-95,8/1/1995,1.163
4-Sep-95,9/1/1995,1.16
11-Sep-95,9/1/1995,1.158
18-Sep-95,9/1/1995,1.157
25-Sep-95,9/1/1995,1.156
2-Oct-95,10/1/1995,1.151
9-Oct-95,10/1/1995,1.144
16-Oct-95,10/1/1995,1.133
23-Oct-95,10/1/1995,1.125
30-Oct-95,10/1/1995,1.115
6-Nov-95,11/1/1995,1.112
13-Nov-95,11/1/1995,1.109
20-Nov-95,11/1/1995,1.106
27-Nov-95,11/1/1995,1.107
4-Dec-95,12/1/1995,1.108
11-Dec-95,12/1/1995,1.11
18-Dec-95,12/1/1995,1.124
25-Dec-95,12/1/1995,1.128
1-Jan-96,1/1/1996,1.129
8-Jan-96,1/1/1996,1.139
15-Jan-96,1/1/1996,1.145
22-Jan-96,1/1/1996,1.138
29-Jan-96,1/1/1996,1.133
5-Feb-96,2/1/1996,1.13
12-Feb-96,2/1/1996,1.126
19-Feb-96,2/1/1996,1.133
26-Feb-96,2/1/1996,1.153
4-Mar-96,3/1/1996,1.17
11-Mar-96,3/1/1996,1.171
18-Mar-96,3/1/1996,1.181
25-Mar-96,3/1/1996,1.21
1-Apr-96,4/1/1996,1.223
8-Apr-96,4/1/1996,1.248
15-Apr-96,4/1/1996,1.287
22-Apr-96,4/1/1996,1.301
29-Apr-96,4/1/1996,1.318
6-May-96,5/1/1996,1.321
13-May-96,5/1/1996,1.323
20-May-96,5/1/1996,1.33
27-May-96,5/1/1996,1.321
3-Jun-96,6/1/1996,1.315
10-Jun-96,6/1/1996,1.307
17-Jun-96,6/1/1996,1.302
24-Jun-96,6/1/1996,1.289
1-Jul-96,7/1/1996,1.279
8-Jul-96,7/1/1996,1.276
15-Jul-96,7/1/1996,1.273
22-Jul-96,7/1/1996,1.272
29-Jul-96,7/1/1996,1.263
5-Aug-96,8/1/1996,1.253
12-Aug-96,8/1/1996,1.248
19-Aug-96,8/1/1996,1.249
26-Aug-96,8/1/1996,1.253
2-Sep-96,9/1/1996,1.242
9-Sep-96,9/1/1996,1.247
16-Sep-96,9/1/1996,1.25
23-Sep-96,9/1/1996,1.251
30-Sep-96,9/1/1996,1.245
7-Oct-96,10/1/1996,1.239
14-Oct-96,10/1/1996,1.248
21-Oct-96,10/1/1996,1.249
28-Oct-96,10/1/1996,1.26
4-Nov-96,11/1/1996,1.268
11-Nov-96,11/1/1996,1.272
18-Nov-96,11/1/1996,1.282
25-Nov-96,11/1/1996,1.289
2-Dec-96,12/1/1996,1.287
9-Dec-96,12/1/1996,1.287
16-Dec-96,12/1/1996,1.283
23-Dec-96,12/1/1996,1.278
30-Dec-96,12/1/1996,1.274
6-Jan-97,1/1/1997,1.272
13-Jan-97,1/1/1997,1.287
20-Jan-97,1/1/1997,1.287
27-Jan-97,1/1/1997,1.284
3-Feb-97,2/1/1997,1.282
10-Feb-97,2/1/1997,1.28
17-Feb-97,2/1/1997,1.273
24-Feb-97,2/1/1997,1.27
3-Mar-97,3/1/1997,1.261
10-Mar-97,3/1/1997,1.253
17-Mar-97,3/1/1997,1.246
24-Mar-97,3/1/1997,1.25
31-Mar-97,3/1/1997,1.246
7-Apr-97,4/1/1997,1.248
14-Apr-97,4/1/1997,1.244
21-Apr-97,4/1/1997,1.245
28-Apr-97,4/1/1997,1.24
5-May-97,5/1/1997,1.238
12-May-97,5/1/1997,1.238
19-May-97,5/1/1997,1.247
26-May-97,5/1/1997,1.255
2-Jun-97,6/1/1997,1.258
9-Jun-97,6/1/1997,1.251
16-Jun-97,6/1/1997,1.242
23-Jun-97,6/1/1997,1.232
30-Jun-97,6/1/1997,1.226
7-Jul-97,7/1/1997,1.222
14-Jul-97,7/1/1997,1.219
21-Jul-97,7/1/1997,1.222
28-Jul-97,7/1/1997,1.216
4-Aug-97,8/1/1997,1.237
11-Aug-97,8/1/1997,1.272
18-Aug-97,8/1/1997,1.274
25-Aug-97,8/1/1997,1.288
1-Sep-97,9/1/1997,1.287
8-Sep-97,9/1/1997,1.288
15-Sep-97,9/1/1997,1.281
22-Sep-97,9/1/1997,1.269
29-Sep-97,9/1/1997,1.255
6-Oct-97,10/1/1997,1.254
13-Oct-97,10/1/1997,1.248
20-Oct-97,10/1/1997,1.238
27-Oct-97,10/1/1997,1.228
3-Nov-97,11/1/1997,1.221
10-Nov-97,11/1/1997,1.222
17-Nov-97,11/1/1997,1.213
24-Nov-97,11/1/1997,1.207
1-Dec-97,12/1/1997,1.197
8-Dec-97,12/1/1997,1.187
15-Dec-97,12/1/1997,1.176
22-Dec-97,12/1/1997,1.167
29-Dec-97,12/1/1997,1.158
5-Jan-98,1/1/1998,1.148
12-Jan-98,1/1/1998,1.14
19-Jan-98,1/1/1998,1.129
26-Jan-98,1/1/1998,1.112
2-Feb-98,2/1/1998,1.108
9-Feb-98,2/1/1998,1.101
16-Feb-98,2/1/1998,1.085
23-Feb-98,2/1/1998,1.09
2-Mar-98,3/1/1998,1.075
9-Mar-98,3/1/1998,1.065
16-Mar-98,3/1/1998,1.055
23-Mar-98,3/1/1998,1.047
30-Mar-98,3/1/1998,1.077
6-Apr-98,4/1/1998,1.074
13-Apr-98,4/1/1998,1.072
20-Apr-98,4/1/1998,1.075
27-Apr-98,4/1/1998,1.086
4-May-98,5/1/1998,1.095
11-May-98,5/1/1998,1.109
18-May-98,5/1/1998,1.109
25-May-98,5/1/1998,1.108
1-Jun-98,6/1/1998,1.104
8-Jun-98,6/1/1998,1.113
15-Jun-98,6/1/1998,1.104
22-Jun-98,6/1/1998,1.096
29-Jun-98,6/1/1998,1.096
6-Jul-98,7/1/1998,1.097
13-Jul-98,7/1/1998,1.092
20-Jul-98,7/1/1998,1.097
27-Jul-98,7/1/1998,1.088
3-Aug-98,8/1/1998,1.077
10-Aug-98,8/1/1998,1.072
17-Aug-98,8/1/1998,1.065
24-Aug-98,8/1/1998,1.058
31-Aug-98,8/1/1998,1.053
7-Sep-98,9/1/1998,1.046
14-Sep-98,9/1/1998,1.042
21-Sep-98,9/1/1998,1.053
28-Sep-98,9/1/1998,1.053
5-Oct-98,10/1/1998,1.059
12-Oct-98,10/1/1998,1.063
19-Oct-98,10/1/1998,1.058
26-Oct-98,10/1/1998,1.055
2-Nov-98,11/1/1998,1.05
9-Nov-98,11/1/1998,1.048
16-Nov-98,11/1/1998,1.037
23-Nov-98,11/1/1998,1.03
30-Nov-98,11/1/1998,1.015
7-Dec-98,12/1/1998,0.996
14-Dec-98,12/1/1998,0.987
21-Dec-98,12/1/1998,0.986
28-Dec-98,12/1/1998,0.979
4-Jan-99,1/1/1999,0.977
11-Jan-99,1/1/1999,0.982
18-Jan-99,1/1/1999,0.985
25-Jan-99,1/1/1999,0.977
1-Feb-99,2/1/1999,0.971
8-Feb-99,2/1/1999,0.968
15-Feb-99,2/1/1999,0.96
22-Feb-99,2/1/1999,0.949
1-Mar-99,3/1/1999,0.955
8-Mar-99,3/1/1999,0.963
15-Mar-99,3/1/1999,1.017
22-Mar-99,3/1/1999,1.056
29-Mar-99,3/1/1999,1.121
5-Apr-99,4/1/1999,1.158
12-Apr-99,4/1/1999,1.179
19-Apr-99,4/1/1999,1.175
26-Apr-99,4/1/1999,1.171
3-May-99,5/1/1999,1.176
10-May-99,5/1/1999,1.18
17-May-99,5/1/1999,1.18
24-May-99,5/1/1999,1.166
31-May-99,5/1/1999,1.151
7-Jun-99,6/1/1999,1.152
14-Jun-99,6/1/1999,1.148
21-Jun-99,6/1/1999,1.163
28-Jun-99,6/1/1999,1.153
5-Jul-99,7/1/1999,1.165
12-Jul-99,7/1/1999,1.182
19-Jul-99,7/1/1999,1.208
26-Jul-99,7/1/1999,1.232
2-Aug-99,8/1/1999,1.234
9-Aug-99,8/1/1999,1.246
16-Aug-99,8/1/1999,1.275
23-Aug-99,8/1/1999,1.273
30-Aug-99,8/1/1999,1.273
6-Sep-99,9/1/1999,1.282
13-Sep-99,9/1/1999,1.29
20-Sep-99,9/1/1999,1.307
27-Sep-99,9/1/1999,1.302
4-Oct-99,10/1/1999,1.296
11-Oct-99,10/1/1999,1.29
18-Oct-99,10/1/1999,1.277
25-Oct-99,10/1/1999,1.277
1-Nov-99,11/1/1999,1.271
8-Nov-99,11/1/1999,1.274
15-Nov-99,11/1/1999,1.292
22-Nov-99,11/1/1999,1.309
29-Nov-99,11/1/1999,1.315
6-Dec-99,12/1/1999,1.313
13-Dec-99,12/1/1999,1.315
20-Dec-99,12/1/1999,1.31
27-Dec-99,12/1/1999,1.314
3-Jan-00,1/1/2000,1.312
10-Jan-00,1/1/2000,1.304
17-Jan-00,1/1/2000,1.318
24-Jan-00,1/1/2000,1.354
31-Jan-00,1/1/2000,1.355
7-Feb-00,2/1/2000,1.364
14-Feb-00,2/1/2000,1.394
21-Feb-00,2/1/2000,1.443
28-Feb-00,2/1/2000,1.458
6-Mar-00,3/1/2000,1.539
13-Mar-00,3/1/2000,1.566
20-Mar-00,3/1/2000,1.569
27-Mar-00,3/1/2000,1.549
3-Apr-00,4/1/2000,1.543
10-Apr-00,4/1/2000,1.516
17-Apr-00,4/1/2000,1.486
24-Apr-00,4/1/2000,1.478
1-May-00,5/1/2000,1.461
8-May-00,5/1/2000,1.495
15-May-00,5/1/2000,1.531
22-May-00,5/1/2000,1.566
29-May-00,5/1/2000,1.579
5-Jun-00,6/1/2000,1.599
12-Jun-00,6/1/2000,1.664
19-Jun-00,6/1/2000,1.711
26-Jun-00,6/1/2000,1.691
3-Jul-00,7/1/2000,1.661
10-Jul-00,7/1/2000,1.63
17-Jul-00,7/1/2000,1.586
24-Jul-00,7/1/2000,1.562
31-Jul-00,7/1/2000,1.514
7-Aug-00,8/1/2000,1.504
14-Aug-00,8/1/2000,1.489
21-Aug-00,8/1/2000,1.508
28-Aug-00,8/1/2000,1.521
4-Sep-00,9/1/2000,1.568
11-Sep-00,9/1/2000,1.598
18-Sep-00,9/1/2000,1.599
25-Sep-00,9/1/2000,1.586
2-Oct-00,10/1/2000,1.563
9-Oct-00,10/1/2000,1.541
16-Oct-00,10/1/2000,1.578
23-Oct-00,10/1/2000,1.588
30-Oct-00,10/1/2000,1.584
6-Nov-00,11/1/2000,1.565
13-Nov-00,11/1/2000,1.562
20-Nov-00,11/1/2000,1.55
27-Nov-00,11/1/2000,1.549
4-Dec-00,12/1/2000,1.526
11-Dec-00,12/1/2000,1.49
18-Dec-00,12/1/2000,1.462
25-Dec-00,12/1/2000,1.453
1-Jan-01,1/1/2001,1.446
8-Jan-01,1/1/2001,1.465
15-Jan-01,1/1/2001,1.513
22-Jan-01,1/1/2001,1.511
29-Jan-01,1/1/2001,1.5
5-Feb-01,2/1/2001,1.483
12-Feb-01,2/1/2001,1.515
19-Feb-01,2/1/2001,1.489
26-Feb-01,2/1/2001,1.471
5-Mar-01,3/1/2001,1.457
12-Mar-01,3/1/2001,1.453
19-Mar-01,3/1/2001,1.444
26-Mar-01,3/1/2001,1.445
2-Apr-01,4/1/2001,1.482
9-Apr-01,4/1/2001,1.54
16-Apr-01,4/1/2001,1.61
23-Apr-01,4/1/2001,1.658
30-Apr-01,4/1/2001,1.665
7-May-01,5/1/2001,1.739
14-May-01,5/1/2001,1.748
21-May-01,5/1/2001,1.724
28-May-01,5/1/2001,1.739
4-Jun-01,6/1/2001,1.715
11-Jun-01,6/1/2001,1.688
18-Jun-01,6/1/2001,1.644
25-Jun-01,6/1/2001,1.583
2-Jul-01,7/1/2001,1.52
9-Jul-01,7/1/2001,1.484
16-Jul-01,7/1/2001,1.459
23-Jul-01,7/1/2001,1.44
30-Jul-01,7/1/2001,1.428
6-Aug-01,8/1/2001,1.419
13-Aug-01,8/1/2001,1.434
20-Aug-01,8/1/2001,1.467
27-Aug-01,8/1/2001,1.523
3-Sep-01,9/1/2001,1.579
10-Sep-01,9/1/2001,1.562
17-Sep-01,9/1/2001,1.564
24-Sep-01,9/1/2001,1.522
1-Oct-01,10/1/2001,1.455
8-Oct-01,10/1/2001,1.393
15-Oct-01,10/1/2001,1.351
22-Oct-01,10/1/2001,1.307
29-Oct-01,10/1/2001,1.277
5-Nov-01,11/1/2001,1.249
12-Nov-01,11/1/2001,1.224
19-Nov-01,11/1/2001,1.208
26-Nov-01,11/1/2001,1.168
3-Dec-01,12/1/2001,1.149
10-Dec-01,12/1/2001,1.136
17-Dec-01,12/1/2001,1.101
24-Dec-01,12/1/2001,1.113
31-Dec-01,12/1/2001,1.137
7-Jan-02,1/1/2002,1.152
14-Jan-02,1/1/2002,1.152
21-Jan-02,1/1/2002,1.146
28-Jan-02,1/1/2002,1.142
4-Feb-02,2/1/2002,1.157
11-Feb-02,2/1/2002,1.148
18-Feb-02,2/1/2002,1.157
25-Feb-02,2/1/2002,1.157
4-Mar-02,3/1/2002,1.185
11-Mar-02,3/1/2002,1.262
18-Mar-02,3/1/2002,1.328
25-Mar-02,3/1/2002,1.382
1-Apr-02,4/1/2002,1.412
8-Apr-02,4/1/2002,1.454
15-Apr-02,4/1/2002,1.446
22-Apr-02,4/1/2002,1.446
29-Apr-02,4/1/2002,1.435
6-May-02,5/1/2002,1.437
13-May-02,5/1/2002,1.431
20-May-02,5/1/2002,1.439
27-May-02,5/1/2002,1.429
3-Jun-02,6/1/2002,1.433
10-Jun-02,6/1/2002,1.417
17-Jun-02,6/1/2002,1.419
24-Jun-02,6/1/2002,1.425
1-Jul-02,7/1/2002,1.433
8-Jul-02,7/1/2002,1.423
15-Jul-02,7/1/2002,1.435
22-Jul-02,7/1/2002,1.451
29-Jul-02,7/1/2002,1.447
5-Aug-02,8/1/2002,1.437
12-Aug-02,8/1/2002,1.435
19-Aug-02,8/1/2002,1.434
26-Aug-02,8/1/2002,1.444
2-Sep-02,9/1/2002,1.436
9-Sep-02,9/1/2002,1.437
16-Sep-02,9/1/2002,1.442
23-Sep-02,9/1/2002,1.436
30-Sep-02,9/1/2002,1.455
7-Oct-02,10/1/2002,1.48
14-Oct-02,10/1/2002,1.481
21-Oct-02,10/1/2002,1.499
28-Oct-02,10/1/2002,1.485
4-Nov-02,11/1/2002,1.489
11-Nov-02,11/1/2002,1.48
18-Nov-02,11/1/2002,1.451
25-Nov-02,11/1/2002,1.423
2-Dec-02,12/1/2002,1.408
9-Dec-02,12/1/2002,1.404
16-Dec-02,12/1/2002,1.407
23-Dec-02,12/1/2002,1.443
30-Dec-02,12/1/2002,1.484
6-Jan-03,1/1/2003,1.487
13-Jan-03,1/1/2003,1.496
20-Jan-03,1/1/2003,1.502
27-Jan-03,1/1/2003,1.515
3-Feb-03,2/1/2003,1.569
10-Feb-03,2/1/2003,1.649
17-Feb-03,2/1/2003,1.701
24-Feb-03,2/1/2003,1.699
3-Mar-03,3/1/2003,1.726
10-Mar-03,3/1/2003,1.752
17-Mar-03,3/1/2003,1.768
24-Mar-03,3/1/2003,1.732
31-Mar-03,3/1/2003,1.692
7-Apr-03,4/1/2003,1.673
14-Apr-03,4/1/2003,1.639
21-Apr-03,4/1/2003,1.618
28-Apr-03,4/1/2003,1.6
5-May-03,5/1/2003,1.556
12-May-03,5/1/2003,1.534
19-May-03,5/1/2003,1.539
26-May-03,5/1/2003,1.528
2-Jun-03,6/1/2003,1.514
9-Jun-03,6/1/2003,1.53
16-Jun-03,6/1/2003,1.558
23-Jun-03,6/1/2003,1.537
30-Jun-03,6/1/2003,1.528
7-Jul-03,7/1/2003,1.53
14-Jul-03,7/1/2003,1.563
21-Jul-03,7/1/2003,1.566
28-Jul-03,7/1/2003,1.558
4-Aug-03,8/1/2003,1.576
11-Aug-03,8/1/2003,1.611
18-Aug-03,8/1/2003,1.668
25-Aug-03,8/1/2003,1.787
1-Sep-03,9/1/2003,1.786
8-Sep-03,9/1/2003,1.758
15-Sep-03,9/1/2003,1.739
22-Sep-03,9/1/2003,1.686
29-Sep-03,9/1/2003,1.635
6-Oct-03,10/1/2003,1.617
13-Oct-03,10/1/2003,1.611
20-Oct-03,10/1/2003,1.612
27-Oct-03,10/1/2003,1.584
3-Nov-03,11/1/2003,1.577
10-Nov-03,11/1/2003,1.547
17-Nov-03,11/1/2003,1.54
24-Nov-03,11/1/2003,1.554
1-Dec-03,12/1/2003,1.533
8-Dec-03,12/1/2003,1.519
15-Dec-03,12/1/2003,1.509
22-Dec-03,12/1/2003,1.528
29-Dec-03,12/1/2003,1.521
5-Jan-04,1/1/2004,1.552
12-Jan-04,1/1/2004,1.603
19-Jan-04,1/1/2004,1.637
26-Jan-04,1/1/2004,1.664
2-Feb-04,2/1/2004,1.66
9-Feb-04,2/1/2004,1.681
16-Feb-04,2/1/2004,1.69
23-Feb-04,2/1/2004,1.73
1-Mar-04,3/1/2004,1.758
8-Mar-04,3/1/2004,1.78
15-Mar-04,3/1/2004,1.767
22-Mar-04,3/1/2004,1.785
29-Mar-04,3/1/2004,1.8
5-Apr-04,4/1/2004,1.822
12-Apr-04,4/1/2004,1.827
19-Apr-04,4/1/2004,1.853
26-Apr-04,4/1/2004,1.853
3-May-04,5/1/2004,1.884
10-May-04,5/1/2004,1.979
17-May-04,5/1/2004,2.055
24-May-04,5/1/2004,2.104
31-May-04,5/1/2004,2.092
7-Jun-04,6/1/2004,2.075
14-Jun-04,6/1/2004,2.029
21-Jun-04,6/1/2004,1.981
28-Jun-04,6/1/2004,1.965
5-Jul-04,7/1/2004,1.939
12-Jul-04,7/1/2004,1.959
19-Jul-04,7/1/2004,1.971
26-Jul-04,7/1/2004,1.948
2-Aug-04,8/1/2004,1.93
9-Aug-04,8/1/2004,1.92
16-Aug-04,8/1/2004,1.917
23-Aug-04,8/1/2004,1.926
30-Aug-04,8/1/2004,1.909
6-Sep-04,9/1/2004,1.893
13-Sep-04,9/1/2004,1.889
20-Sep-04,9/1/2004,1.908
27-Sep-04,9/1/2004,1.959
4-Oct-04,10/1/2004,1.98
11-Oct-04,10/1/2004,2.035
18-Oct-04,10/1/2004,2.077
25-Oct-04,10/1/2004,2.074
1-Nov-04,11/1/2004,2.076
8-Nov-04,11/1/2004,2.045
15-Nov-04,11/1/2004,2.014
22-Nov-04,11/1/2004,1.992
29-Nov-04,11/1/2004,1.989
6-Dec-04,12/1/2004,1.956
13-Dec-04,12/1/2004,1.893
20-Dec-04,12/1/2004,1.861
27-Dec-04,12/1/2004,1.838
3-Jan-05,1/1/2005,1.824
10-Jan-05,1/1/2005,1.837
17-Jan-05,1/1/2005,1.863
24-Jan-05,1/1/2005,1.896
31-Jan-05,1/1/2005,1.953
7-Feb-05,2/1/2005,1.952
14-Feb-05,2/1/2005,1.941
21-Feb-05,2/1/2005,1.948
28-Feb-05,2/1/2005,1.969
7-Mar-05,3/1/2005,2.04
14-Mar-05,3/1/2005,2.098
21-Mar-05,3/1/2005,2.149
28-Mar-05,3/1/2005,2.194
4-Apr-05,4/1/2005,2.258
11-Apr-05,4/1/2005,2.321
18-Apr-05,4/1/2005,2.28
25-Apr-05,4/1/2005,2.279
2-May-05,5/1/2005,2.277
9-May-05,5/1/2005,2.231
16-May-05,5/1/2005,2.206
23-May-05,5/1/2005,2.169
30-May-05,5/1/2005,2.141
6-Jun-05,6/1/2005,2.159
13-Jun-05,6/1/2005,2.173
20-Jun-05,6/1/2005,2.204
27-Jun-05,6/1/2005,2.257
4-Jul-05,7/1/2005,2.268
11-Jul-05,7/1/2005,2.369
18-Jul-05,7/1/2005,2.36
25-Jul-05,7/1/2005,2.333
1-Aug-05,8/1/2005,2.335
8-Aug-05,8/1/2005,2.41
15-Aug-05,8/1/2005,2.592
22-Aug-05,8/1/2005,2.654
29-Aug-05,8/1/2005,2.653
5-Sep-05,9/1/2005,3.117
12-Sep-05,9/1/2005,3.002
19-Sep-05,9/1/2005,2.835
26-Sep-05,9/1/2005,2.851
3-Oct-05,10/1/2005,2.975
10-Oct-05,10/1/2005,2.896
17-Oct-05,10/1/2005,2.775
24-Oct-05,10/1/2005,2.652
31-Oct-05,10/1/2005,2.528
7-Nov-05,11/1/2005,2.424
14-Nov-05,11/1/2005,2.342
21-Nov-05,11/1/2005,2.247
28-Nov-05,11/1/2005,2.2
5-Dec-05,12/1/2005,2.191
12-Dec-05,12/1/2005,2.228
19-Dec-05,12/1/2005,2.255
26-Dec-05,12/1/2005,2.241
2-Jan-06,1/1/2006,2.281
9-Jan-06,1/1/2006,2.371
16-Jan-06,1/1/2006,2.366
23-Jan-06,1/1/2006,2.382
30-Jan-06,1/1/2006,2.402
6-Feb-06,2/1/2006,2.388
13-Feb-06,2/1/2006,2.331
20-Feb-06,2/1/2006,2.286
27-Feb-06,2/1/2006,2.298
6-Mar-06,3/1/2006,2.373
13-Mar-06,3/1/2006,2.408
20-Mar-06,3/1/2006,2.548
27-Mar-06,3/1/2006,2.542
3-Apr-06,4/1/2006,2.631
10-Apr-06,4/1/2006,2.727
17-Apr-06,4/1/2006,2.828
24-Apr-06,4/1/2006,2.96
1-May-06,5/1/2006,2.966
8-May-06,5/1/2006,2.955
15-May-06,5/1/2006,2.992
22-May-06,5/1/2006,2.938
29-May-06,5/1/2006,2.913
5-Jun-06,6/1/2006,2.937
12-Jun-06,6/1/2006,2.951
19-Jun-06,6/1/2006,2.917
26-Jun-06,6/1/2006,2.914
3-Jul-06,7/1/2006,2.979
10-Jul-06,7/1/2006,3.017
17-Jul-06,7/1/2006,3.033
24-Jul-06,7/1/2006,3.048
31-Jul-06,7/1/2006,3.05
7-Aug-06,8/1/2006,3.083
14-Aug-06,8/1/2006,3.047
21-Aug-06,8/1/2006,2.971
28-Aug-06,8/1/2006,2.893
4-Sep-06,9/1/2006,2.777
11-Sep-06,9/1/2006,2.67
18-Sep-06,9/1/2006,2.549
25-Sep-06,9/1/2006,2.429
2-Oct-06,10/1/2006,2.36
9-Oct-06,10/1/2006,2.31
16-Oct-06,10/1/2006,2.274
23-Oct-06,10/1/2006,2.255
30-Oct-06,10/1/2006,2.264
6-Nov-06,11/1/2006,2.246
13-Nov-06,11/1/2006,2.278
20-Nov-06,11/1/2006,2.285
27-Nov-06,11/1/2006,2.292
4-Dec-06,12/1/2006,2.342
11-Dec-06,12/1/2006,2.34
18-Dec-06,12/1/2006,2.366
25-Dec-06,12/1/2006,2.387
1-Jan-07,1/1/2007,2.382
8-Jan-07,1/1/2007,2.354
15-Jan-07,1/1/2007,2.28
22-Jan-07,1/1/2007,2.216
29-Jan-07,1/1/2007,2.213
5-Feb-07,2/1/2007,2.237
12-Feb-07,2/1/2007,2.287
19-Feb-07,2/1/2007,2.341
26-Feb-07,2/1/2007,2.428
5-Mar-07,3/1/2007,2.551
12-Mar-07,3/1/2007,2.605
19-Mar-07,3/1/2007,2.623
26-Mar-07,3/1/2007,2.655
2-Apr-07,4/1/2007,2.753
9-Apr-07,4/1/2007,2.848
16-Apr-07,4/1/2007,2.922
23-Apr-07,4/1/2007,2.917
30-Apr-07,4/1/2007,3.017
7-May-07,5/1/2007,3.097
14-May-07,5/1/2007,3.143
21-May-07,5/1/2007,3.258
28-May-07,5/1/2007,3.25
4-Jun-07,6/1/2007,3.2
11-Jun-07,6/1/2007,3.122
18-Jun-07,6/1/2007,3.057
25-Jun-07,6/1/2007,3.029
2-Jul-07,7/1/2007,3.005
9-Jul-07,7/1/2007,3.026
16-Jul-07,7/1/2007,3.092
23-Jul-07,7/1/2007,3.005
30-Jul-07,7/1/2007,2.926
6-Aug-07,8/1/2007,2.888
13-Aug-07,8/1/2007,2.821
20-Aug-07,8/1/2007,2.832
27-Aug-07,8/1/2007,2.796
3-Sep-07,9/1/2007,2.84
10-Sep-07,9/1/2007,2.862
17-Sep-07,9/1/2007,2.835
24-Sep-07,9/1/2007,2.86
1-Oct-07,10/1/2007,2.838
8-Oct-07,10/1/2007,2.821
15-Oct-07,10/1/2007,2.813
22-Oct-07,10/1/2007,2.873
29-Oct-07,10/1/2007,2.921
5-Nov-07,11/1/2007,3.06
12-Nov-07,11/1/2007,3.158
19-Nov-07,11/1/2007,3.148
26-Nov-07,11/1/2007,3.147
3-Dec-07,12/1/2007,3.113
10-Dec-07,12/1/2007,3.053
17-Dec-07,12/1/2007,3.05
24-Dec-07,12/1/2007,3.032
31-Dec-07,12/1/2007,3.104
7-Jan-08,1/1/2008,3.159
14-Jan-08,1/1/2008,3.119
21-Jan-08,1/1/2008,3.07
28-Jan-08,1/1/2008,3.03
4-Feb-08,2/1/2008,3.03
11-Feb-08,2/1/2008,3.011
18-Feb-08,2/1/2008,3.092
25-Feb-08,2/1/2008,3.18
3-Mar-08,3/1/2008,3.212
10-Mar-08,3/1/2008,3.273
17-Mar-08,3/1/2008,3.332
24-Mar-08,3/1/2008,3.31
31-Mar-08,3/1/2008,3.339
7-Apr-08,4/1/2008,3.381
14-Apr-08,4/1/2008,3.438
21-Apr-08,4/1/2008,3.557
28-Apr-08,4/1/2008,3.653
5-May-08,5/1/2008,3.663
12-May-08,5/1/2008,3.771
19-May-08,5/1/2008,3.84
26-May-08,5/1/2008,3.986
2-Jun-08,6/1/2008,4.026
9-Jun-08,6/1/2008,4.09
16-Jun-08,6/1/2008,4.134
23-Jun-08,6/1/2008,4.131
30-Jun-08,6/1/2008,4.146
7-Jul-08,7/1/2008,4.165
14-Jul-08,7/1/2008,4.164
21-Jul-08,7/1/2008,4.118
28-Jul-08,7/1/2008,4.01
4-Aug-08,8/1/2008,3.935
11-Aug-08,8/1/2008,3.864
18-Aug-08,8/1/2008,3.794
25-Aug-08,8/1/2008,3.738
1-Sep-08,9/1/2008,3.733
8-Sep-08,9/1/2008,3.701
15-Sep-08,9/1/2008,3.887
22-Sep-08,9/1/2008,3.772
29-Sep-08,9/1/2008,3.687
6-Oct-08,10/1/2008,3.543
13-Oct-08,10/1/2008,3.213
20-Oct-08,10/1/2008,2.974
27-Oct-08,10/1/2008,2.718
3-Nov-08,11/1/2008,2.462
10-Nov-08,11/1/2008,2.284
17-Nov-08,11/1/2008,2.132
24-Nov-08,11/1/2008,1.952
1-Dec-08,12/1/2008,1.87
8-Dec-08,12/1/2008,1.758
15-Dec-08,12/1/2008,1.716
22-Dec-08,12/1/2008,1.71
29-Dec-08,12/1/2008,1.67
5-Jan-09,1/1/2009,1.737
12-Jan-09,1/1/2009,1.835
19-Jan-09,1/1/2009,1.898
26-Jan-09,1/1/2009,1.89
2-Feb-09,2/1/2009,1.944
9-Feb-09,2/1/2009,1.978
16-Feb-09,2/1/2009,2.016
23-Feb-09,2/1/2009,1.963
2-Mar-09,3/1/2009,1.988
9-Mar-09,3/1/2009,1.993
16-Mar-09,3/1/2009,1.964
23-Mar-09,3/1/2009,2.014
30-Mar-09,3/1/2009,2.097
6-Apr-09,4/1/2009,2.09
13-Apr-09,4/1/2009,2.104
20-Apr-09,4/1/2009,2.112
27-Apr-09,4/1/2009,2.102
4-May-09,5/1/2009,2.129
11-May-09,5/1/2009,2.29
18-May-09,5/1/2009,2.36
25-May-09,5/1/2009,2.485
1-Jun-09,6/1/2009,2.572
8-Jun-09,6/1/2009,2.673
15-Jun-09,6/1/2009,2.722
22-Jun-09,6/1/2009,2.743
29-Jun-09,6/1/2009,2.695
6-Jul-09,7/1/2009,2.666
13-Jul-09,7/1/2009,2.584
20-Jul-09,7/1/2009,2.519
27-Jul-09,7/1/2009,2.557
3-Aug-09,8/1/2009,2.61
10-Aug-09,8/1/2009,2.7
17-Aug-09,8/1/2009,2.691
24-Aug-09,8/1/2009,2.682
31-Aug-09,8/1/2009,2.667
7-Sep-09,9/1/2009,2.642
14-Sep-09,9/1/2009,2.632
21-Sep-09,9/1/2009,2.607
28-Sep-09,9/1/2009,2.554
5-Oct-09,10/1/2009,2.523
12-Oct-09,10/1/2009,2.543
19-Oct-09,10/1/2009,2.626
26-Oct-09,10/1/2009,2.727
2-Nov-09,11/1/2009,2.746
9-Nov-09,11/1/2009,2.72
16-Nov-09,11/1/2009,2.684
23-Nov-09,11/1/2009,2.694
30-Nov-09,11/1/2009,2.684
7-Dec-09,12/1/2009,2.689
14-Dec-09,12/1/2009,2.655
21-Dec-09,12/1/2009,2.645
28-Dec-09,12/1/2009,2.662
4-Jan-10,1/1/2010,2.718
11-Jan-10,1/1/2010,2.804
18-Jan-10,1/1/2010,2.793
25-Jan-10,1/1/2010,2.76
1-Feb-10,2/1/2010,2.717
8-Feb-10,2/1/2010,2.707
15-Feb-10,2/1/2010,2.664
22-Feb-10,2/1/2010,2.709
1-Mar-10,3/1/2010,2.756
8-Mar-10,3/1/2010,2.804
15-Mar-10,3/1/2010,2.841
22-Mar-10,3/1/2010,2.87
29-Mar-10,3/1/2010,2.851
5-Apr-10,4/1/2010,2.877
12-Apr-10,4/1/2010,2.909
19-Apr-10,4/1/2010,2.911
26-Apr-10,4/1/2010,2.901
3-May-10,5/1/2010,2.95
10-May-10,5/1/2010,2.958
17-May-10,5/1/2010,2.918
24-May-10,5/1/2010,2.842
31-May-10,5/1/2010,2.784
7-Jun-10,6/1/2010,2.78
14-Jun-10,6/1/2010,2.756
21-Jun-10,6/1/2010,2.795
28-Jun-10,6/1/2010,2.809
5-Jul-10,7/1/2010,2.779
12-Jul-10,7/1/2010,2.771
19-Jul-10,7/1/2010,2.775
26-Jul-10,7/1/2010,2.801
2-Aug-10,8/1/2010,2.788
9-Aug-10,8/1/2010,2.835
16-Aug-10,8/1/2010,2.798
23-Aug-10,8/1/2010,2.759
30-Aug-10,8/1/2010,2.736
6-Sep-10,9/1/2010,2.735
13-Sep-10,9/1/2010,2.772
20-Sep-10,9/1/2010,2.775
27-Sep-10,9/1/2010,2.747
4-Oct-10,10/1/2010,2.784
11-Oct-10,10/1/2010,2.871
18-Oct-10,10/1/2010,2.887
25-Oct-10,10/1/2010,2.87
1-Nov-10,11/1/2010,2.861
8-Nov-10,11/1/2010,2.917
15-Nov-10,11/1/2010,2.944
22-Nov-10,11/1/2010,2.931
29-Nov-10,11/1/2010,2.912
6-Dec-10,12/1/2010,3.013
13-Dec-10,12/1/2010,3.035
20-Dec-10,12/1/2010,3.037
27-Dec-10,12/1/2010,3.106
3-Jan-11,1/1/2011,3.124
10-Jan-11,1/1/2011,3.142
17-Jan-11,1/1/2011,3.158
24-Jan-11,1/1/2011,3.163
31-Jan-11,1/1/2011,3.155
7-Feb-11,2/1/2011,3.185
14-Feb-11,2/1/2011,3.193
21-Feb-11,2/1/2011,3.243
28-Feb-11,2/1/2011,3.435
7-Mar-11,3/1/2011,3.572
14-Mar-11,3/1/2011,3.621
21-Mar-11,3/1/2011,3.617
28-Mar-11,3/1/2011,3.65
4-Apr-11,4/1/2011,3.737
11-Apr-11,4/1/2011,3.843
18-Apr-11,4/1/2011,3.896
25-Apr-11,4/1/2011,3.932
2-May-11,5/1/2011,4.014
9-May-11,5/1/2011,4.018
16-May-11,5/1/2011,4.014
23-May-11,5/1/2011,3.904
30-May-11,5/1/2011,3.848
6-Jun-11,6/1/2011,3.833
13-Jun-11,6/1/2011,3.767
20-Jun-11,6/1/2011,3.708
27-Jun-11,6/1/2011,3.631
4-Jul-11,7/1/2011,3.634
11-Jul-11,7/1/2011,3.695
18-Jul-11,7/1/2011,3.736
25-Jul-11,7/1/2011,3.754
1-Aug-11,8/1/2011,3.766
8-Aug-11,8/1/2011,3.73
15-Aug-11,8/1/2011,3.662
22-Aug-11,8/1/2011,3.638
29-Aug-11,8/1/2011,3.682
5-Sep-11,9/1/2011,3.727
12-Sep-11,9/1/2011,3.715
19-Sep-11,9/1/2011,3.657
26-Sep-11,9/1/2011,3.568
3-Oct-11,10/1/2011,3.492
10-Oct-11,10/1/2011,3.476
17-Oct-11,10/1/2011,3.533
24-Oct-11,10/1/2011,3.52
31-Oct-11,10/1/2011,3.511
7-Nov-11,11/1/2011,3.482
14-Nov-11,11/1/2011,3.495
21-Nov-11,11/1/2011,3.427
28-Nov-11,11/1/2011,3.368
5-Dec-11,12/1/2011,3.35
12-Dec-11,12/1/2011,3.346
19-Dec-11,12/1/2011,3.29
26-Dec-11,12/1/2011,3.317
2-Jan-12,1/1/2012,3.358
9-Jan-12,1/1/2012,3.441
16-Jan-12,1/1/2012,3.451
23-Jan-12,1/1/2012,3.45
30-Jan-12,1/1/2012,3.5
6-Feb-12,2/1/2012,3.542
13-Feb-12,2/1/2012,3.584
20-Feb-12,2/1/2012,3.652
27-Feb-12,2/1/2012,3.78
5-Mar-12,3/1/2012,3.849
12-Mar-12,3/1/2012,3.884
19-Mar-12,3/1/2012,3.923
26-Mar-12,3/1/2012,3.973
2-Apr-12,4/1/2012,3.996
9-Apr-12,4/1/2012,3.997
16-Apr-12,4/1/2012,3.98
23-Apr-12,4/1/2012,3.929
30-Apr-12,4/1/2012,3.889
7-May-12,5/1/2012,3.849
14-May-12,5/1/2012,3.814
21-May-12,5/1/2012,3.773
28-May-12,5/1/2012,3.728
4-Jun-12,6/1/2012,3.671
11-Jun-12,6/1/2012,3.629
18-Jun-12,6/1/2012,3.589
25-Jun-12,6/1/2012,3.494
2-Jul-12,7/1/2012,3.415
9-Jul-12,7/1/2012,3.469
16-Jul-12,7/1/2012,3.485
23-Jul-12,7/1/2012,3.554
30-Jul-12,7/1/2012,3.568
6-Aug-12,8/1/2012,3.702
13-Aug-12,8/1/2012,3.779
20-Aug-12,8/1/2012,3.803
27-Aug-12,8/1/2012,3.837
3-Sep-12,9/1/2012,3.903
10-Sep-12,9/1/2012,3.907
17-Sep-12,9/1/2012,3.939
24-Sep-12,9/1/2012,3.889
1-Oct-12,10/1/2012,3.866
8-Oct-12,10/1/2012,3.914
15-Oct-12,10/1/2012,3.886
22-Oct-12,10/1/2012,3.756
29-Oct-12,10/1/2012,3.638
5-Nov-12,11/1/2012,3.563
12-Nov-12,11/1/2012,3.518
19-Nov-12,11/1/2012,3.497
26-Nov-12,11/1/2012,3.505
3-Dec-12,12/1/2012,3.463
10-Dec-12,12/1/2012,3.419
17-Dec-12,12/1/2012,3.324
24-Dec-12,12/1/2012,3.328
31-Dec-12,12/1/2012,3.369
7-Jan-13,1/1/2013,3.373
14-Jan-13,1/1/2013,3.377
21-Jan-13,1/1/2013,3.386
28-Jan-13,1/1/2013,3.427
4-Feb-13,2/1/2013,3.604
11-Feb-13,2/1/2013,3.677
18-Feb-13,2/1/2013,3.812
25-Feb-13,2/1/2013,3.851
4-Mar-13,3/1/2013,3.826
11-Mar-13,3/1/2013,3.779
18-Mar-13,3/1/2013,3.764
25-Mar-13,3/1/2013,3.746
1-Apr-13,4/1/2013,3.714
8-Apr-13,4/1/2013,3.676
15-Apr-13,4/1/2013,3.611
22-Apr-13,4/1/2013,3.603
29-Apr-13,4/1/2013,3.587
6-May-13,5/1/2013,3.602
13-May-13,5/1/2013,3.665
20-May-13,5/1/2013,3.729
27-May-13,5/1/2013,3.704
3-Jun-13,6/1/2013,3.705
10-Jun-13,6/1/2013,3.715
17-Jun-13,6/1/2013,3.689
24-Jun-13,6/1/2013,3.645
1-Jul-13,7/1/2013,3.567
8-Jul-13,7/1/2013,3.563
15-Jul-13,7/1/2013,3.706
22-Jul-13,7/1/2013,3.751
29-Jul-13,7/1/2013,3.716
5-Aug-13,8/1/2013,3.701
12-Aug-13,8/1/2013,3.633
19-Aug-13,8/1/2013,3.622
26-Aug-13,8/1/2013,3.623
2-Sep-13,9/1/2013,3.678
9-Sep-13,9/1/2013,3.658
16-Sep-13,9/1/2013,3.619
23-Sep-13,9/1/2013,3.567
30-Sep-13,9/1/2013,3.499
7-Oct-13,10/1/2013,3.441
14-Oct-13,10/1/2013,3.43
21-Oct-13,10/1/2013,3.435
28-Oct-13,10/1/2013,3.372
4-Nov-13,11/1/2013,3.343
11-Nov-13,11/1/2013,3.274
18-Nov-13,11/1/2013,3.298
25-Nov-13,11/1/2013,3.372
2-Dec-13,12/1/2013,3.353
9-Dec-13,12/1/2013,3.35
16-Dec-13,12/1/2013,3.321
23-Dec-13,12/1/2013,3.351
30-Dec-13,12/1/2013,3.409
6-Jan-14,1/1/2014,3.411
13-Jan-14,1/1/2014,3.406
20-Jan-14,1/1/2014,3.376
27-Jan-14,1/1/2014,3.375
3-Feb-14,2/1/2014,3.372
10-Feb-14,2/1/2014,3.388
17-Feb-14,2/1/2014,3.457
24-Feb-14,2/1/2014,3.52
3-Mar-14,3/1/2014,3.553
10-Mar-14,3/1/2014,3.584
17-Mar-14,3/1/2014,3.619
24-Mar-14,3/1/2014,3.622
31-Mar-14,3/1/2014,3.651
7-Apr-14,4/1/2014,3.67
14-Apr-14,4/1/2014,3.725
21-Apr-14,4/1/2014,3.758
28-Apr-14,4/1/2014,3.788
5-May-14,5/1/2014,3.761
12-May-14,5/1/2014,3.746
19-May-14,5/1/2014,3.743
26-May-14,5/1/2014,3.75
2-Jun-14,6/1/2014,3.765
9-Jun-14,6/1/2014,3.749
16-Jun-14,6/1/2014,3.76
23-Jun-14,6/1/2014,3.778
30-Jun-14,6/1/2014,3.778
7-Jul-14,7/1/2014,3.753
14-Jul-14,7/1/2014,3.712
21-Jul-14,7/1/2014,3.671
28-Jul-14,7/1/2014,3.617
4-Aug-14,8/1/2014,3.595
11-Aug-14,8/1/2014,3.582
18-Aug-14,8/1/2014,3.549
25-Aug-14,8/1/2014,3.532
1-Sep-14,9/1/2014,3.536
8-Sep-14,9/1/2014,3.534
15-Sep-14,9/1/2014,3.485
22-Sep-14,9/1/2014,3.432
29-Sep-14,9/1/2014,3.434
6-Oct-14,10/1/2014,3.382
13-Oct-14,10/1/2014,3.292
20-Oct-14,10/1/2014,3.205
27-Oct-14,10/1/2014,3.139
3-Nov-14,11/1/2014,3.077
10-Nov-14,11/1/2014,3.025
17-Nov-14,11/1/2014,2.978
24-Nov-14,11/1/2014,2.907
1-Dec-14,12/1/2014,2.864
8-Dec-14,12/1/2014,2.767
15-Dec-14,12/1/2014,2.643
22-Dec-14,12/1/2014,2.496
29-Dec-14,12/1/2014,2.392
5-Jan-15,1/1/2015,2.308
12-Jan-15,1/1/2015,2.232
19-Jan-15,1/1/2015,2.157
26-Jan-15,1/1/2015,2.133
2-Feb-15,2/1/2015,2.154
9-Feb-15,2/1/2015,2.276
16-Feb-15,2/1/2015,2.358
23-Feb-15,2/1/2015,2.415
2-Mar-15,3/1/2015,2.556
9-Mar-15,3/1/2015,2.57
16-Mar-15,3/1/2015,2.537
23-Mar-15,3/1/2015,2.538
30-Mar-15,3/1/2015,2.531
6-Apr-15,4/1/2015,2.499
13-Apr-15,4/1/2015,2.494
20-Apr-15,4/1/2015,2.57
27-Apr-15,4/1/2015,2.656
4-May-15,5/1/2015,2.749
11-May-15,5/1/2015,2.776
18-May-15,5/1/2015,2.827
25-May-15,5/1/2015,2.857
1-Jun-15,6/1/2015,2.863
8-Jun-15,6/1/2015,2.863
15-Jun-15,6/1/2015,2.918
22-Jun-15,6/1/2015,2.895
29-Jun-15,6/1/2015,2.885
6-Jul-15,7/1/2015,2.877
13-Jul-15,7/1/2015,2.92
20-Jul-15,7/1/2015,2.888
27-Jul-15,7/1/2015,2.833
3-Aug-15,8/1/2015,2.779
10-Aug-15,8/1/2015,2.72
17-Aug-15,8/1/2015,2.803
24-Aug-15,8/1/2015,2.726
31-Aug-15,8/1/2015,2.602
7-Sep-15,9/1/2015,2.532
14-Sep-15,9/1/2015,2.471
21-Sep-15,9/1/2015,2.425
28-Sep-15,9/1/2015,2.418
5-Oct-15,10/1/2015,2.415
12-Oct-15,10/1/2015,2.432
19-Oct-15,10/1/2015,2.374
26-Oct-15,10/1/2015,2.326
2-Nov-15,11/1/2015,2.322
9-Nov-15,11/1/2015,2.335
16-Nov-15,11/1/2015,2.281
23-Nov-15,11/1/2015,2.198
30-Nov-15,11/1/2015,2.165
7-Dec-15,12/1/2015,2.159
14-Dec-15,12/1/2015,2.144
21-Dec-15,12/1/2015,2.133
28-Dec-15,12/1/2015,2.141
4-Jan-16,1/1/2016,2.135
11-Jan-16,1/1/2016,2.104
18-Jan-16,1/1/2016,2.022
25-Jan-16,1/1/2016,1.965
1-Feb-16,2/1/2016,1.932
8-Feb-16,2/1/2016,1.87
15-Feb-16,2/1/2016,1.834
22-Feb-16,2/1/2016,1.837
29-Feb-16,2/1/2016,1.887
7-Mar-16,3/1/2016,1.943
14-Mar-16,3/1/2016,2.062
21-Mar-16,3/1/2016,2.109
28-Mar-16,3/1/2016,2.169
4-Apr-16,4/1/2016,2.185
11-Apr-16,4/1/2016,2.173
18-Apr-16,4/1/2016,2.24
25-Apr-16,4/1/2016,2.265
2-May-16,5/1/2016,2.342
9-May-16,5/1/2016,2.325
16-May-16,5/1/2016,2.345
23-May-16,5/1/2016,2.403
30-May-16,5/1/2016,2.44
6-Jun-16,6/1/2016,2.482
13-Jun-16,6/1/2016,2.499
20-Jun-16,6/1/2016,2.455
27-Jun-16,6/1/2016,2.432
4-Jul-16,7/1/2016,2.396
11-Jul-16,7/1/2016,2.359
18-Jul-16,7/1/2016,2.336
25-Jul-16,7/1/2016,2.289
1-Aug-16,8/1/2016,2.267
8-Aug-16,8/1/2016,2.256
15-Aug-16,8/1/2016,2.256
22-Aug-16,8/1/2016,2.299
29-Aug-16,8/1/2016,2.341
5-Sep-16,9/1/2016,2.329
12-Sep-16,9/1/2016,2.31
19-Sep-16,9/1/2016,2.333
26-Sep-16,9/1/2016,2.334
3-Oct-16,10/1/2016,2.354
10-Oct-16,10/1/2016,2.381
17-Oct-16,10/1/2016,2.367
24-Oct-16,10/1/2016,2.353
31-Oct-16,10/1/2016,2.341
7-Nov-16,11/1/2016,2.345
14-Nov-16,11/1/2016,2.298
21-Nov-16,11/1/2016,2.269
28-Nov-16,11/1/2016,2.268
5-Dec-16,12/1/2016,2.321
12-Dec-16,12/1/2016,2.347
19-Dec-16,12/1/2016,2.375
26-Dec-16,12/1/2016,2.419
2-Jan-17,1/1/2017,2.485
9-Jan-17,1/1/2017,2.496
16-Jan-17,1/1/2017,2.467
23-Jan-17,1/1/2017,2.436
30-Jan-17,1/1/2017,2.408
6-Feb-17,2/1/2017,2.405
13-Feb-17,2/1/2017,2.418
20-Feb-17,2/1/2017,2.414
27-Feb-17,2/1/2017,2.427
6-Mar-17,3/1/2017,2.452
13-Mar-17,3/1/2017,2.434
20-Mar-17,3/1/2017,2.433
27-Mar-17,3/1/2017,2.428
3-Apr-17,4/1/2017,2.471
10-Apr-17,4/1/2017,2.534
17-Apr-17,4/1/2017,2.546
24-Apr-17,4/1/2017,2.559
1-May-17,5/1/2017,2.522
8-May-17,5/1/2017,2.484
15-May-17,5/1/2017,2.481
22-May-17,5/1/2017,2.51
29-May-17,5/1/2017,2.516
5-Jun-17,6/1/2017,2.525
12-Jun-17,6/1/2017,2.479
19-Jun-17,6/1/2017,2.433
26-Jun-17,6/1/2017,2.404
3-Jul-17,7/1/2017,2.376
10-Jul-17,7/1/2017,2.411
17-Jul-17,7/1/2017,2.392
24-Jul-17,7/1/2017,2.426
31-Jul-17,7/1/2017,2.467
7-Aug-17,8/1/2017,2.492
14-Aug-17,8/1/2017,2.497
21-Aug-17,8/1/2017,2.474
28-Aug-17,8/1/2017,2.513
4-Sep-17,9/1/2017,2.794
11-Sep-17,9/1/2017,2.8
18-Sep-17,9/1/2017,2.75
25-Sep-17,9/1/2017,2.701
2-Oct-17,10/1/2017,2.682
9-Oct-17,10/1/2017,2.622
16-Oct-17,10/1/2017,2.605
23-Oct-17,10/1/2017,2.594
30-Oct-17,10/1/2017,2.602
6-Nov-17,11/1/2017,2.673
13-Nov-17,11/1/2017,2.706
20-Nov-17,11/1/2017,2.683
27-Nov-17,11/1/2017,2.648
4-Dec-17,12/1/2017,2.617
11-Dec-17,12/1/2017,2.601
18-Dec-17,12/1/2017,2.568
25-Dec-17,12/1/2017,2.589
1-Jan-18,1/1/2018,2.637
8-Jan-18,1/1/2018,2.639
15-Jan-18,1/1/2018,2.673
22-Jan-18,1/1/2018,2.684
29-Jan-18,1/1/2018,2.723
5-Feb-18,2/1/2018,2.753
12-Feb-18,2/1/2018,2.724
19-Feb-18,2/1/2018,2.676
26-Feb-18,2/1/2018,2.666
5-Mar-18,3/1/2018,2.679
12-Mar-18,3/1/2018,2.677
19-Mar-18,3/1/2018,2.716
26-Mar-18,3/1/2018,2.764
2-Apr-18,4/1/2018,2.817
9-Apr-18,4/1/2018,2.811
16-Apr-18,4/1/2018,2.863
23-Apr-18,4/1/2018,2.914
30-Apr-18,4/1/2018,2.961
7-May-18,5/1/2018,2.96
14-May-18,5/1/2018,2.949
21-May-18,5/1/2018,2.999
28-May-18,5/1/2018,3.039
4-Jun-18,6/1/2018,3.018
11-Jun-18,6/1/2018,2.989
18-Jun-18,6/1/2018,2.958
25-Jun-18,6/1/2018,2.913
2-Jul-18,7/1/2018,2.924
9-Jul-18,7/1/2018,2.937
16-Jul-18,7/1/2018,2.943
23-Jul-18,7/1/2018,2.911
30-Jul-18,7/1/2018,2.924
6-Aug-18,8/1/2018,2.93
13-Aug-18,8/1/2018,2.921
20-Aug-18,8/1/2018,2.9
27-Aug-18,8/1/2018,2.906
3-Sep-18,9/1/2018,2.903
10-Sep-18,9/1/2018,2.912
17-Sep-18,9/1/2018,2.921
24-Sep-18,9/1/2018,2.923
1-Oct-18,10/1/2018,2.947
8-Oct-18,10/1/2018,2.984
15-Oct-18,10/1/2018,2.961
22-Oct-18,10/1/2018,2.925
29-Oct-18,10/1/2018,2.896
5-Nov-18,11/1/2018,2.84
12-Nov-18,11/1/2018,2.773
19-Nov-18,11/1/2018,2.7
26-Nov-18,11/1/2018,2.63
3-Dec-18,12/1/2018,2.544
10-Dec-18,12/1/2018,2.511
17-Dec-18,12/1/2018,2.46
24-Dec-18,12/1/2018,2.413
31-Dec-18,12/1/2018,2.358
7-Jan-19,1/1/2019,2.329
14-Jan-19,1/1/2019,2.338
21-Jan-19,1/1/2019,2.34
28-Jan-19,1/1/2019,2.343
4-Feb-19,2/1/2019,2.341
11-Feb-19,2/1/2019,2.361
18-Feb-19,2/1/2019,2.4
25-Feb-19,2/1/2019,2.471
4-Mar-19,3/1/2019,2.502
11-Mar-19,3/1/2019,2.549
18-Mar-19,3/1/2019,2.625
25-Mar-19,3/1/2019,2.701
1-Apr-19,4/1/2019,2.77
8-Apr-19,4/1/2019,2.826
15-Apr-19,4/1/2019,2.912
22-Apr-19,4/1/2019,2.926
29-Apr-19,4/1/2019,2.972
6-May-19,5/1/2019,2.983
13-May-19,5/1/2019,2.954
20-May-19,5/1/2019,2.939
27-May-19,5/1/2019,2.909
3-Jun-19,6/1/2019,2.893
10-Jun-19,6/1/2019,2.821
17-Jun-19,6/1/2019,2.759
24-Jun-19,6/1/2019,2.741
1-Jul-19,7/1/2019,2.798
8-Jul-19,7/1/2019,2.827
15-Jul-19,7/1/2019,2.86
22-Jul-19,7/1/2019,2.833
29-Jul-19,7/1/2019,2.798
5-Aug-19,8/1/2019,2.772
12-Aug-19,8/1/2019,2.71
19-Aug-19,8/1/2019,2.684
26-Aug-19,8/1/2019,2.661
2-Sep-19,9/1/2019,2.651
9-Sep-19,9/1/2019,2.638
16-Sep-19,9/1/2019,2.64
23-Sep-19,9/1/2019,2.741
30-Sep-19,9/1/2019,2.737
7-Oct-19,10/1/2019,2.742
14-Oct-19,10/1/2019,2.727
21-Oct-19,10/1/2019,2.735
28-Oct-19,10/1/2019,2.692
4-Nov-19,11/1/2019,2.702
11-Nov-19,11/1/2019,2.711
18-Nov-19,11/1/2019,2.688
25-Nov-19,11/1/2019,2.672
2-Dec-19,12/1/2019,2.667
9-Dec-19,12/1/2019,2.652
16-Dec-19,12/1/2019,2.627
23-Dec-19,12/1/2019,2.621
30-Dec-19,12/1/2019,2.658
6-Jan-20,1/1/2020,2.665
13-Jan-20,1/1/2020,2.657
20-Jan-20,1/1/2020,2.625
27-Jan-20,1/1/2020,2.595
3-Feb-20,2/1/2020,2.546
10-Feb-20,2/1/2020,2.511
17-Feb-20,2/1/2020,2.518
24-Feb-20,2/1/2020,2.555
2-Mar-20,3/1/2020,2.514
9-Mar-20,3/1/2020,2.468
16-Mar-20,3/1/2020,2.343
23-Mar-20,3/1/2020,2.217
30-Mar-20,3/1/2020,2.103
6-Apr-20,4/1/2020,2.022
13-Apr-20,4/1/2020,1.951
20-Apr-20,4/1/2020,1.91
27-Apr-20,4/1/2020,1.87
4-May-20,5/1/2020,1.883
11-May-20,5/1/2020,1.941
18-May-20,5/1/2020,1.969
25-May-20,5/1/2020,2.049
1-Jun-20,6/1/2020,2.064
8-Jun-20,6/1/2020,2.123
15-Jun-20,6/1/2020,2.185
22-Jun-20,6/1/2020,2.216
29-Jun-20,6/1/2020,2.26
6-Jul-20,7/1/2020,2.265
13-Jul-20,7/1/2020,2.283
20-Jul-20,7/1/2020,2.275
27-Jul-20,7/1/2020,2.265
3-Aug-20,8/1/2020,2.266
10-Aug-20,8/1/2020,2.256
17-Aug-20,8/1/2020,2.256
24-Aug-20,8/1/2020,2.272
31-Aug-20,8/1/2020,2.311
7-Sep-20,9/1/2020,2.302
14-Sep-20,9/1/2020,2.274
21-Sep-20,9/1/2020,2.259
28-Sep-20,9/1/2020,2.259
5-Oct-20,10/1/2020,2.262
12-Oct-20,10/1/2020,2.257
19-Oct-20,10/1/2020,2.24
26-Oct-20,10/1/2020,2.234
2-Nov-20,11/1/2020,2.204
9-Nov-20,11/1/2020,2.188
16-Nov-20,11/1/2020,2.202
23-Nov-20,11/1/2020,2.194
30-Nov-20,11/1/2020,2.211
7-Dec-20,12/1/2020,2.246
14-Dec-20,12/1/2020,2.247
21-Dec-20,12/1/2020,2.311
28-Dec-20,12/1/2020,2.33
4-Jan-21,1/1/2021,2.336
11-Jan-21,1/1/2021,2.403
18-Jan-21,1/1/2021,2.464
25-Jan-21,1/1/2021,2.478
1-Feb-21,2/1/2021,2.495
8-Feb-21,2/1/2021,2.548
15-Feb-21,2/1/2021,2.588
22-Feb-21,2/1/2021,2.717
1-Mar-21,3/1/2021,2.796
8-Mar-21,3/1/2021,2.857
15-Mar-21,3/1/2021,2.94
22-Mar-21,3/1/2021,2.954
29-Mar-21,3/1/2021,2.941
5-Apr-21,4/1/2021,2.945
12-Apr-21,4/1/2021,2.939
19-Apr-21,4/1/2021,2.945
26-Apr-21,4/1/2021,2.962
3-May-21,5/1/2021,2.981
10-May-21,5/1/2021,3.051
17-May-21,5/1/2021,3.118
24-May-21,5/1/2021,3.112
31-May-21,5/1/2021,3.119
7-Jun-21,6/1/2021,3.128
14-Jun-21,6/1/2021,3.161
21-Jun-21,6/1/2021,3.153
28-Jun-21,6/1/2021,3.185
5-Jul-21,7/1/2021,3.216
12-Jul-21,7/1/2021,3.227
19-Jul-21,7/1/2021,3.247
26-Jul-21,7/1/2021,3.232
2-Aug-21,8/1/2021,3.256
9-Aug-21,8/1/2021,3.269
16-Aug-21,8/1/2021,3.272
23-Aug-21,8/1/2021,3.243
30-Aug-21,8/1/2021,3.237
6-Sep-21,9/1/2021,3.273
13-Sep-21,9/1/2021,3.262
20-Sep-21,9/1/2021,3.28
27-Sep-21,9/1/2021,3.271
4-Oct-21,10/1/2021,3.285
11-Oct-21,10/1/2021,3.36
18-Oct-21,10/1/2021,3.416
25-Oct-21,10/1/2021,3.476
1-Nov-21,11/1/2021,3.484
8-Nov-21,11/1/2021,3.505
15-Nov-21,11/1/2021,3.495
22-Nov-21,11/1/2021,3.493
29-Nov-21,11/1/2021,3.478
6-Dec-21,12/1/2021,3.44
13-Dec-21,12/1/2021,3.414
20-Dec-21,12/1/2021,3.395
27-Dec-21,12/1/2021,3.375
3-Jan-22,1/1/2022,3.381
10-Jan-22,1/1/2022,3.394
17-Jan-22,1/1/2022,3.404
24-Jan-22,1/1/2022,3.421
31-Jan-22,1/1/2022,3.464
7-Feb-22,2/1/2022,3.538
14-Feb-22,2/1/2022,3.581
21-Feb-22,2/1/2022,3.624
28-Feb-22,2/1/2022,3.701
7-Mar-22,3/1/2022,4.196
14-Mar-22,3/1/2022,4.414
21-Mar-22,3/1/2022,4.343
28-Mar-22,3/1/2022,4.334
4-Apr-22,4/1/2022,4.274
11-Apr-22,4/1/2022,4.196
18-Apr-22,4/1/2022,4.17
25-Apr-22,4/1/2022,4.211
2-May-22,5/1/2022,4.285
9-May-22,5/1/2022,4.428
16-May-22,5/1/2022,4.591
23-May-22,5/1/2022,4.694
30-May-22,5/1/2022,4.727
6-Jun-22,6/1/2022,4.977
13-Jun-22,6/1/2022,5.107
20-Jun-22,6/1/2022,5.066
27-Jun-22,6/1/2022,4.979
4-Jul-22,7/1/2022,4.879
11-Jul-22,7/1/2022,4.754
18-Jul-22,7/1/2022,4.599
25-Jul-22,7/1/2022,4.44
1-Aug-22,8/1/2022,4.304
8-Aug-22,8/1/2022,4.151
15-Aug-22,8/1/2022,4.051
22-Aug-22,8/1/2022,3.993
29-Aug-22,8/1/2022,3.938
5-Sep-22,9/1/2022,3.859
12-Sep-22,9/1/2022,3.805
19-Sep-22,9/1/2022,3.771
26-Sep-22,9/1/2022,3.832
3-Oct-22,10/1/2022,3.909
10-Oct-22,10/1/2022,4.034
17-Oct-22,10/1/2022,3.99
24-Oct-22,10/1/2022,3.887
31-Oct-22,10/1/2022,3.857
7-Nov-22,11/1/2022,3.909
14-Nov-22,11/1/2022,3.876
21-Nov-22,11/1/2022,3.763
28-Nov-22,11/1/2022,3.649
5-Dec-22,12/1/2022,3.504
12-Dec-22,12/1/2022,3.353
19-Dec-22,12/1/2022,3.234
26-Dec-22,12/1/2022,3.203
2-Jan-23,1/1/2023,3.331
9-Jan-23,1/1/2023,3.366
16-Jan-23,1/1/2023,3.416
23-Jan-23,1/1/2023,3.519
30-Jan-23,1/1/2023,3.594
6-Feb-23,2/1/2023,3.552
